

INSERT INTO cliente values(0,'Leanne Graham', 'Bret', 'Kulas Light 556', '1-770-736-80');
INSERT INTO cliente values(1,'Ervin Howell', 'Antonette', 'san martin 344', '1010-692-659');
INSERT INTO cliente values(2,'Clementine Bauch', 'Samantha', 'Douglas Extensionn 847', '1-463-123-44');
INSERT INTO cliente values(3,'Patricia Lebsack', 'Karianne', 'Hoeger Mall 692', '493-170-96');
INSERT INTO cliente values(4,'Chelsey Dietrich', 'Kamren', 'Skiles Walks 017', '254-954-1289');
INSERT INTO cliente values(5,'Mrs. Dennis Schulist', 'eopoldo_Corkery', 'Norberto Crossing 950', '1-477-935-84');
INSERT INTO cliente values(6,'Kurtis Weissnat', 'Elwyn Skiles', 'Rex Trail 280', '210.067.61');
INSERT INTO cliente values(7,'Nicholas Runolfsdottir', 'Maxime', 'Ellsworth Summit 729', '586.493.69');
INSERT INTO cliente values(8,'Glenna Reichert', 'Delphine', 'Dayna Park 49', '775-976-67');
INSERT INTO cliente values(9,'Clementina DuBuque', 'Stanton', 'Kattie Turnpike 198', '024-648-38');
INSERT INTO cliente values(10,'Louse', 'Lane', 'metropolis 500', '1-012-123');
INSERT INTO cliente values(11,'Marta', 'Kent', 'metopolis 344', '1-132-232');
INSERT INTO cliente values(12,'Marta', 'Wane', 'gotham 300', '12-336-456');
INSERT INTO cliente values(13,'Jhon', 'Jamison', 'manhatan 20', '12-122-323');
INSERT INTO cliente values(14,'Su', 'Storm', 'manhatan 123', '32-232-535');
INSERT INTO cliente values(15,'Rick', 'Richart', 'manhatan', '44-343-555');
INSERT INTO cliente values(16,'Victor', 'Bom Dom', 'ladveria 01', '00-000-000');
INSERT INTO cliente values(17,'Jerome', 'Valesca', 'gothan 100', '02-111-212');
INSERT INTO cliente values(18,'Oswald', 'Cabblepot', 'gothan 01', '12-132-121');
INSERT INTO cliente values(19,'Edward', 'Nigma', 'gothan 15', '32-231-232');



INSERT INTO tarjeta values('000-000-001', 0, '201201', '202501', '01', 100, 'vigente');
INSERT INTO tarjeta values('000-000-010', 1, '201712', '202511', '02', 100, 'vigente');
INSERT INTO tarjeta values('000-000-011', 2, '201811', '203011', '03', 100, 'vigente');
INSERT INTO tarjeta values('000-000-100', 3, '201908', '204012', '04', 100, 'vigente');
INSERT INTO tarjeta values('000-000-101', 4, '201707', '202512', '05', 100, 'vigente');
INSERT INTO tarjeta values('000-000-110', 5, '201706', '202212', '06', 100, 'vigente');
INSERT INTO tarjeta values('000-000-111', 6, '201701', '202302', '07', 100, 'vigente');
INSERT INTO tarjeta values('000-001-000', 7, '201701', '202303', '08', 100, 'vigente');
INSERT INTO tarjeta values('000-001-001', 8, '201702', '202405', '09', 100, 'vigente');
INSERT INTO tarjeta values('000-001-010', 9, '201703', '202302', '10', 100, 'vigente');
INSERT INTO tarjeta values('000-001-011', 10, '201704', '202411', '11', 100, 'vigente');
INSERT INTO tarjeta values('000-001-100', 11, '201704', '202511', '12', 100, 'vigente');
INSERT INTO tarjeta values('000-001-101', 12, '201705', '202111', '13', 100, 'vigente');
INSERT INTO tarjeta values('000-001-110', 13, '201705', '202201', '14', 100, 'vigente');
INSERT INTO tarjeta values('000-001-111', 14, '201801', '202003', '15', 100, 'vigente');
INSERT INTO tarjeta values('000-010-000', 15, '201503', '202104', '16', 100, 'vigente');
INSERT INTO tarjeta values('000-010-001', 16, '201605', '202207', '17', 100, 'vigente');
INSERT INTO tarjeta values('000-010-010', 17, '201512', '202308', '18', 100, 'vigente');
INSERT INTO tarjeta values('000-010-011', 18, '201311', '202509', '19', 100, 'vigente');
INSERT INTO tarjeta values('000-010-100', 19, '201411', '202509', '20', 100, 'vigente');
INSERT INTO tarjeta values('000-010-101', 18, '201312', '201901', '21', 100, 'anulada');
INSERT INTO tarjeta values('000-010-110', 19, '201410', '201902', '22', 100, 'anulada');




INSERT INTO comercio values(001, 'Kwekii Mark', 'ricardo rojas 001', '100', '12-120-001');
INSERT INTO comercio values(010, 'La Ostra', 'ricardo rojas 010', '100', '12-120-010');
INSERT INTO comercio values(011, 'MOE', 'ricardo rojas 011', '100', '12-120-011');
INSERT INTO comercio values(100, 'Anteiku', 'ricardo rojas 100', '101', '12-120-100');
INSERT INTO comercio values(101, 'Hichiraku', 'ricardo rojas 101', '101', '12-120-101');
INSERT INTO comercio values(110, 'MacDonals', 'ricardo rojas 110', '110', '12-120-110');
INSERT INTO comercio values(111, 'Burguer King', 'ricardo rojas 111', '110', '12-120-111');
INSERT INTO comercio values(1000, 'Pizzetas', 'ricardo rojas 1000', '010', '12-121-000');
INSERT INTO comercio values(1001, 'Sandwiches y mas', 'ricardo rojas 010', '100', '12-121-001');
INSERT INTO comercio values(1010, 'Verduras', 'ricardo rojas 1010', '011', '12-121-010');
INSERT INTO comercio values(1011, 'El Tinto', 'ricardo rojas 1011', '111', '12-121-011');
INSERT INTO comercio values(1100, 'Crustacio Cascarudo', 'ricardo rojas 110', '100', '12-121-100');
INSERT INTO comercio values(1101, 'La Hora Feliz', 'ricardo rojas 1101', '1001', '12-121-101');
INSERT INTO comercio values(1110, 'la Hora Infeliz', 'ricardo rojas 1110', '100', '12-121-110');
INSERT INTO comercio values(1111, 'Pixels', 'ricardo rojas 1111', '1000', '12-121-111');
INSERT INTO comercio values(10000, 'Clasic Cars', 'ricardo rojas 10000', '110', '12-110-000');
INSERT INTO comercio values(10001, 'Inmuebles', 'ricardo rojas 10001', '100', '12-110-000');
INSERT INTO comercio values(10010, 'Electronicos', 'ricardo rojas 10010', '1010', '12-110-001');
INSERT INTO comercio values(10011, 'Relojes', 'ricardo rojas 10011', '1011', '12-110-010');
INSERT INTO comercio values(10100, 'Quesitos', 'ricardo rojas 10100', '1111', '12-110-011');




-- CIERRES

INSERT INTO cierre values(2020, 1, 0, '2020-01-01', '2020-02-01', '2020-02-15');
INSERT INTO cierre values(2020, 2, 0, '2020-02-01', '2020-03-01', '2020-03-15');
INSERT INTO cierre values(2020, 3, 0, '2020-03-01', '2020-04-01', '2020-04-15');
INSERT INTO cierre values(2020, 4, 0, '2020-04-01', '2020-05-01', '2020-05-15');
INSERT INTO cierre values(2020, 5, 0, '2020-05-01', '2020-06-01', '2020-06-15');
INSERT INTO cierre values(2020, 6, 0, '2020-06-01', '2020-07-01', '2020-07-15');
INSERT INTO cierre values(2020, 7, 0, '2020-07-01', '2020-08-01', '2020-08-15');
INSERT INTO cierre values(2020, 8, 0, '2020-08-01', '2020-09-01', '2020-09-15');
INSERT INTO cierre values(2020, 9, 0, '2020-09-01', '2020-10-01', '2020-10-15');
INSERT INTO cierre values(2020, 10, 0, '2020-10-01', '2020-11-01', '2020-11-15');
INSERT INTO cierre values(2020, 11, 0, '2020-11-01', '2020-12-01', '2020-12-15');
INSERT INTO cierre values(2020, 12, 0, '2020-12-01', '2021-01-01', '2021-01-15');

INSERT INTO cierre values(2020, 1, 1, '2020-01-02', '2020-02-02', '2020-02-15');
INSERT INTO cierre values(2020, 2, 1, '2020-02-02', '2020-03-02', '2020-03-15');
INSERT INTO cierre values(2020, 3, 1, '2020-03-02', '2020-04-02', '2020-04-15');
INSERT INTO cierre values(2020, 4, 1, '2020-04-02', '2020-05-02', '2020-05-15');
INSERT INTO cierre values(2020, 5, 1, '2020-05-02', '2020-06-02', '2020-06-15');
INSERT INTO cierre values(2020, 6, 1, '2020-06-02', '2020-07-02', '2020-07-15');
INSERT INTO cierre values(2020, 7, 1, '2020-07-02', '2020-08-02', '2020-08-15');
INSERT INTO cierre values(2020, 8, 1, '2020-08-02', '2020-09-02', '2020-09-15');
INSERT INTO cierre values(2020, 9, 1, '2020-09-02', '2020-10-02', '2020-10-15');
INSERT INTO cierre values(2020, 10, 1, '2020-10-02', '2020-11-02', '2020-11-15');
INSERT INTO cierre values(2020, 11, 1, '2020-11-02', '2020-12-02', '2020-12-15');
INSERT INTO cierre values(2020, 12, 1, '2020-12-02', '2021-01-02', '2021-01-15');

INSERT INTO cierre values(2020, 1, 2, '2020-01-03', '2020-02-03', '2020-02-15');
INSERT INTO cierre values(2020, 2, 2, '2020-02-03', '2020-03-03', '2020-03-15');
INSERT INTO cierre values(2020, 3, 2, '2020-03-03', '2020-04-03', '2020-04-15');
INSERT INTO cierre values(2020, 4, 2, '2020-04-03', '2020-05-03', '2020-05-15');
INSERT INTO cierre values(2020, 5, 2, '2020-05-03', '2020-06-03', '2020-06-15');
INSERT INTO cierre values(2020, 6, 2, '2020-06-03', '2020-07-03', '2020-07-15');
INSERT INTO cierre values(2020, 7, 2, '2020-07-03', '2020-08-03', '2020-08-15');
INSERT INTO cierre values(2020, 8, 2, '2020-08-03', '2020-09-03', '2020-09-15');
INSERT INTO cierre values(2020, 9, 2, '2020-09-03', '2020-10-03', '2020-10-15');
INSERT INTO cierre values(2020, 10, 2, '2020-10-03', '2020-11-03', '2020-11-15');
INSERT INTO cierre values(2020, 11, 2, '2020-11-03', '2020-12-03', '2020-12-15');
INSERT INTO cierre values(2020, 12, 2, '2020-12-03', '2021-01-03', '2021-01-15');

INSERT INTO cierre values(2020, 1, 3, '2020-01-04', '2020-02-04', '2020-02-15');
INSERT INTO cierre values(2020, 2, 3, '2020-02-04', '2020-03-04', '2020-03-15');
INSERT INTO cierre values(2020, 3, 3, '2020-03-04', '2020-04-04', '2020-04-15');
INSERT INTO cierre values(2020, 4, 3, '2020-04-04', '2020-05-04', '2020-05-15');
INSERT INTO cierre values(2020, 5, 3, '2020-05-04', '2020-06-04', '2020-06-15');
INSERT INTO cierre values(2020, 6, 3, '2020-06-04', '2020-07-04', '2020-07-15');
INSERT INTO cierre values(2020, 7, 3, '2020-07-04', '2020-08-04', '2020-08-15');
INSERT INTO cierre values(2020, 8, 3, '2020-08-04', '2020-09-04', '2020-09-15');
INSERT INTO cierre values(2020, 9, 3, '2020-09-04', '2020-10-04', '2020-10-15');
INSERT INTO cierre values(2020, 10, 3, '2020-10-04', '2020-11-04', '2020-11-15');
INSERT INTO cierre values(2020, 11, 3, '2020-11-04', '2020-12-04', '2020-12-15');
INSERT INTO cierre values(2020, 12, 3, '2020-12-04', '2021-01-04', '2021-01-15');

INSERT INTO cierre values(2020, 1, 4, '2020-01-05', '2020-02-05', '2020-02-15');
INSERT INTO cierre values(2020, 2, 4, '2020-02-05', '2020-03-05', '2020-03-15');
INSERT INTO cierre values(2020, 3, 4, '2020-03-05', '2020-04-05', '2020-04-15');
INSERT INTO cierre values(2020, 4, 4, '2020-04-05', '2020-05-05', '2020-05-15');
INSERT INTO cierre values(2020, 5, 4, '2020-05-05', '2020-06-05', '2020-06-15');
INSERT INTO cierre values(2020, 6, 4, '2020-06-05', '2020-07-05', '2020-07-15');
INSERT INTO cierre values(2020, 7, 4, '2020-07-05', '2020-08-05', '2020-08-15');
INSERT INTO cierre values(2020, 8, 4, '2020-08-05', '2020-09-05', '2020-09-15');
INSERT INTO cierre values(2020, 9, 4, '2020-09-05', '2020-10-05', '2020-10-15');
INSERT INTO cierre values(2020, 10, 4, '2020-10-05', '2020-11-05', '2020-11-15');
INSERT INTO cierre values(2020, 11, 4, '2020-11-05', '2020-12-05', '2020-12-15');
INSERT INTO cierre values(2020, 12, 4, '2020-12-05', '2021-01-05', '2021-01-15');

INSERT INTO cierre values(2020, 1, 5, '2020-01-06', '2020-02-06', '2020-02-15');
INSERT INTO cierre values(2020, 2, 5, '2020-02-06', '2020-03-06', '2020-03-15');
INSERT INTO cierre values(2020, 3, 5, '2020-03-06', '2020-04-06', '2020-04-15');
INSERT INTO cierre values(2020, 4, 5, '2020-04-06', '2020-05-06', '2020-05-15');
INSERT INTO cierre values(2020, 5, 5, '2020-05-06', '2020-06-06', '2020-06-15');
INSERT INTO cierre values(2020, 6, 5, '2020-06-06', '2020-07-06', '2020-07-15');
INSERT INTO cierre values(2020, 7, 5, '2020-07-06', '2020-08-06', '2020-08-15');
INSERT INTO cierre values(2020, 8, 5, '2020-08-06', '2020-09-06', '2020-09-15');
INSERT INTO cierre values(2020, 9, 5, '2020-09-06', '2020-10-06', '2020-10-15');
INSERT INTO cierre values(2020, 10, 5, '2020-10-06', '2020-11-06', '2020-11-15');
INSERT INTO cierre values(2020, 11, 5, '2020-11-06', '2020-12-06', '2020-12-15');
INSERT INTO cierre values(2020, 12, 5, '2020-12-06', '2021-01-06', '2021-01-15');

INSERT INTO cierre values(2020, 1, 6, '2020-01-07', '2020-02-07', '2020-02-15');
INSERT INTO cierre values(2020, 2, 6, '2020-02-07', '2020-03-07', '2020-03-15');
INSERT INTO cierre values(2020, 3, 6, '2020-03-07', '2020-04-07', '2020-04-15');
INSERT INTO cierre values(2020, 4, 6, '2020-04-07', '2020-05-07', '2020-05-15');
INSERT INTO cierre values(2020, 5, 6, '2020-05-07', '2020-06-07', '2020-06-15');
INSERT INTO cierre values(2020, 6, 6, '2020-06-07', '2020-07-07', '2020-07-15');
INSERT INTO cierre values(2020, 7, 6, '2020-07-07', '2020-08-07', '2020-08-15');
INSERT INTO cierre values(2020, 8, 6, '2020-08-07', '2020-09-07', '2020-09-15');
INSERT INTO cierre values(2020, 9, 6, '2020-09-07', '2020-10-07', '2020-10-15');
INSERT INTO cierre values(2020, 10, 6, '2020-10-07', '2020-11-07', '2020-11-15');
INSERT INTO cierre values(2020, 11, 6, '2020-11-07', '2020-12-07', '2020-12-15');
INSERT INTO cierre values(2020, 12, 6, '2020-12-07', '2021-01-07', '2021-01-15');

INSERT INTO cierre values(2020, 1, 7, '2020-01-08', '2020-02-08', '2020-02-15');
INSERT INTO cierre values(2020, 2, 7, '2020-02-08', '2020-03-08', '2020-03-15');
INSERT INTO cierre values(2020, 3, 7, '2020-03-08', '2020-04-08', '2020-04-15');
INSERT INTO cierre values(2020, 4, 7, '2020-04-08', '2020-05-08', '2020-05-15');
INSERT INTO cierre values(2020, 5, 7, '2020-05-08', '2020-06-08', '2020-06-15');
INSERT INTO cierre values(2020, 6, 7, '2020-06-08', '2020-07-08', '2020-07-15');
INSERT INTO cierre values(2020, 7, 7, '2020-07-08', '2020-08-08', '2020-08-15');
INSERT INTO cierre values(2020, 8, 7, '2020-08-08', '2020-09-08', '2020-09-15');
INSERT INTO cierre values(2020, 9, 7, '2020-09-08', '2020-10-08', '2020-10-15');
INSERT INTO cierre values(2020, 10, 7, '2020-10-08', '2020-11-08', '2020-11-15');
INSERT INTO cierre values(2020, 11, 7, '2020-11-08', '2020-12-08', '2020-12-15');
INSERT INTO cierre values(2020, 12, 7, '2020-12-08', '2021-01-08', '2021-01-15');


INSERT INTO cierre values(2020, 1, 8, '2020-01-09', '2020-02-09', '2020-02-15');
INSERT INTO cierre values(2020, 2, 8, '2020-02-09', '2020-03-09', '2020-03-15');
INSERT INTO cierre values(2020, 3, 8, '2020-03-09', '2020-04-09', '2020-04-15');
INSERT INTO cierre values(2020, 4, 8, '2020-04-09', '2020-05-09', '2020-05-15');
INSERT INTO cierre values(2020, 5, 8, '2020-05-09', '2020-06-09', '2020-06-15');
INSERT INTO cierre values(2020, 6, 8, '2020-06-09', '2020-07-09', '2020-07-15');
INSERT INTO cierre values(2020, 7, 8, '2020-07-09', '2020-08-09', '2020-08-15');
INSERT INTO cierre values(2020, 8, 8, '2020-08-09', '2020-09-09', '2020-09-15');
INSERT INTO cierre values(2020, 9, 8, '2020-09-09', '2020-10-09', '2020-10-15');
INSERT INTO cierre values(2020, 10, 8, '2020-10-09', '2020-11-09', '2020-11-15');
INSERT INTO cierre values(2020, 11, 8, '2020-11-09', '2020-12-09', '2020-12-15');
INSERT INTO cierre values(2020, 12, 8, '2020-12-09', '2021-01-09', '2021-01-15');


INSERT INTO cierre values(2020, 1, 9, '2020-01-10', '2020-02-10', '2020-02-15');
INSERT INTO cierre values(2020, 2, 9, '2020-02-10', '2020-03-10', '2020-03-15');
INSERT INTO cierre values(2020, 3, 9, '2020-03-10', '2020-04-10', '2020-04-15');
INSERT INTO cierre values(2020, 4, 9, '2020-04-10', '2020-05-10', '2020-05-15');
INSERT INTO cierre values(2020, 5, 9, '2020-05-10', '2020-06-10', '2020-06-15');
INSERT INTO cierre values(2020, 6, 9, '2020-06-10', '2020-07-10', '2020-07-15');
INSERT INTO cierre values(2020, 7, 9, '2020-07-10', '2020-08-10', '2020-08-15');
INSERT INTO cierre values(2020, 8, 9, '2020-08-10', '2020-09-10', '2020-09-15');
INSERT INTO cierre values(2020, 9, 9, '2020-09-10', '2020-10-10', '2020-10-15');
INSERT INTO cierre values(2020, 10, 9, '2020-10-10', '2020-11-10', '2020-11-15');
INSERT INTO cierre values(2020, 11, 9, '2020-11-10', '2020-12-10', '2020-12-15');
INSERT INTO cierre values(2020, 12, 9, '2020-12-10', '2021-01-10', '2021-01-15');








-- datos de consumo para las pruebas

INSERT INTO consumo VALUES ('000-000-001', '01', 001, 70); --pasa 
INSERT INTO consumo VALUES ('000-000-001', '01', 111, 10); --pasa  --alerta 5: compras 5m/codigopostal
INSERT INTO consumo VALUES ('000-000-010', '02', 011, 30); --pasa 
INSERT INTO consumo VALUES ('000-001-011', '11', 101, 90); --rechazo por ecceso
INSERT INTO consumo VALUES ('000-000-100', '04', 011, 20); --pasa 
INSERT INTO consumo VALUES ('000-000-101', '05', 100, 60); --pasa
INSERT INTO consumo VALUES ('000-001-110', '14', 1111, 80); --pasa
INSERT INTO consumo VALUES ('000-000-111', '07', 001, 70);--pasa
INSERT INTO consumo VALUES ('000-001-000', '08', 001, 40); --pasa
INSERT INTO consumo VALUES ('000-001-001', '09', 101, 40); --pasa 
INSERT INTO consumo VALUES ('000-001-010', '10', 1001, 40);--pasa --alerta 1: compras 1 minuto
INSERT INTO consumo VALUES ('000-001-011', '11', 1101, 40);--rechazo por ecceso
INSERT INTO consumo VALUES ('000-001-100', '12', 10100, 40);--pasa --alerta 1: compras 1 minuto
INSERT INTO consumo VALUES ('000-001-101', '13', 10010, 40);--pasa --alerta 1: compras 1 minuto
INSERT INTO consumo VALUES ('000-001-110', '14', 10100, 40);--rechazo por ecceso
INSERT INTO consumo VALUES ('000-000-111', '07', 111, 20);  --pasa --alerta 5: 5m/codigopostal
INSERT INTO consumo VALUES ('000-010-010', '18', 111, 40);  --pasa
INSERT INTO consumo VALUES ('000-010-001', '17', 001, 40);  --pasa
INSERT INTO consumo VALUES ('000-010-010', '18', 001, 80);  --rechazo por ecceso
INSERT INTO consumo VALUES ('000-001-011', '11', 001, 40);  --rechazo por ecceso alerta 32: queda suspendida
INSERT INTO consumo VALUES ('000-010-100', '00', 001, 40);  --rechazo, codigo invalido
INSERT INTO consumo VALUES ('000-010-101', '21', 001, 40); --tarjeta vencia
INSERT INTO consumo VALUES ('000-010-110', '22', 001, 40); --tarjeta vencida

/*
	pasan: 16
	rechazo: 7
	alerta cod 1 : 3
	alerta cod 5 : 2
	tarjeta vencida : 2
	tarjetas suspendidas cod 32 : 1 
	

*/















